amount,oldbalanceOrg,oldbalanceDest,isFraud,isFlaggedFraud for Operations,Time,Instrument or Mode_CREDIT-CARD,Instrument or Mode_DEBIT-CARD,Instrument or Mode_WIRE-TRANSFER,type_DEBIT,type_PAYMENT,type_TRANSFER,AML Risk Rating,Type of Account,Sanctions,Date_28,Date_29,Country of Domicile_US
0.0019629473211770147,0.19080959260611274,0.0,1,1,0.05555555555555555,0,0,0,0,0,0,1,1,0,0,0,1
0.013321902046560962,0.20324490706827458,0.0038046162921348313,1,1,0.05069444444444445,0,0,0,0,0,0,1,1,0,0,0,1
0.008601804228286632,0.006988694207834379,0.0,1,1,0.4069444444444445,0,0,1,0,0,1,2,1,0,0,0,1
1.0,0.8130064577813297,0.0,1,1,0.2236111111111111,0,0,0,0,0,0,1,1,0,0,0,1
0.001284320752958519,0.004527220975146932,0.0,1,1,0.05694444444444444,1,0,0,0,1,0,0,1,0,0,0,1
0.02792717684109583,0.13244273891880334,0.34109318876404493,1,1,0.004861111111111111,0,0,0,0,0,0,0,1,1,0,0,1
0.0013654601795896244,0.001105465983842132,0.0,1,1,0.3645833333333333,0,0,0,0,0,0,0,0,0,0,0,1
0.0010066942931985937,0.0008137853265354405,0.0,1,1,0.7944444444444444,0,0,0,0,0,0,1,1,0,0,0,1
0.006067430902551686,0.004928220496280861,0.0,1,1,0.6055555555555555,0,0,1,0,0,1,2,1,0,0,0,1
0.0414995782047822,0.18105689806982014,0.038491964044943816,1,1,0.006944444444444444,0,0,0,0,0,0,0,0,1,0,0,1
0.009994794552629757,0.008121210840096944,0.0,1,1,0.3534722222222222,0,0,0,0,0,0,0,1,0,0,0,1
0.003328045498863233,0.002701069684363031,0.0,1,1,0.8493055555555555,0,0,1,0,0,1,1,0,0,0,0,1
0.01698900432818476,0.013807581206010786,0.0,1,1,0.3527777777777778,0,0,1,0,0,1,2,1,0,0,0,1
0.0008728105892380782,0.005241100530167343,0.0,1,1,0.05625,1,0,0,0,1,0,0,1,0,0,0,1
0.0026716060473045964,0.0021673771066245307,0.005728988764044944,1,1,0.9958333333333332,0,0,0,0,0,0,2,1,0,0,0,1
0.001726842079735655,0.0013992734894377103,0.0,1,1,0.5569444444444445,0,0,1,0,0,1,2,0,0,1,0,1
0.0037187605532429885,0.0111488801932375,0.30691271797752806,1,1,0.34930555555555554,0,0,0,0,0,0,0,1,0,0,0,1
0.0025923416305322932,0.002102934253883571,0.0,1,1,0.938888888888889,0,0,1,0,0,1,1,0,0,0,0,1
0.29303812679447067,0.2382385891255938,0.20314674719101125,1,1,0.2236111111111111,0,0,0,0,0,0,0,1,0,0,0,1
2.5517134169091462e-05,0.01211059611102213,0.0,1,0,0.3444444444444445,1,0,0,0,1,0,1,1,0,0,0,1
0.00020401207269547824,0.0029200399353164945,0.0,0,0,0.1173611111111111,1,0,0,0,1,0,0,0,0,0,0,1
0.008644549453041023,0.42598295188005747,0.008205828089887639,0,1,0.1729166666666667,0,0,0,0,0,0,1,0,0,0,0,0
0.014265372007326015,0.020316441854358047,0.030502376404494384,0,1,0.7159722222222222,0,0,0,0,0,0,0,1,0,1,0,1
0.027240253229251478,0.6017671621453525,0.36672048988764044,0,1,0.2569444444444445,0,0,0,0,0,0,0,1,0,0,0,1
0.005048355544253452,0.3964019954650001,0.003942907303370787,0,1,0.525,0,0,0,0,0,0,1,1,0,0,0,1
0.0006110882131018246,0.00030406775995557686,0.0,0,1,0.12569444444444444,1,0,0,0,1,0,1,1,0,0,1,1
0.002537171340446908,0.004251826642352086,0.002806011235955056,0,1,0.2965277777777778,0,0,1,0,0,1,0,1,0,0,0,1
0.0002875115117355287,0.0008778940299466093,0.0,0,0,0.47222222222222227,1,0,0,0,1,0,1,0,0,0,0,1
0.0010312164221359477,0.00120269368262643,0.0,0,1,0.9375,1,0,0,0,1,0,0,0,0,1,0,1
0.0004894565735626638,0.016589823161020138,0.0,0,0,0.34027777777777773,1,0,0,0,1,0,0,0,0,0,1,1
0.0004234672265906774,0.0007679743477380692,0.0,0,0,0.5854166666666667,1,0,0,0,1,0,2,0,0,0,0,1
0.0007619530063489074,3.7106022899391773e-06,0.0,0,1,0.7312500000000001,1,0,0,0,1,0,0,0,0,1,0,1
0.0006631404867926795,0.004605330616777873,0.0011332539325842697,0,1,0.04722222222222222,0,0,0,0,0,0,0,1,0,1,0,1
0.006556757475430806,0.020316441854358047,0.004739441573033708,0,1,0.26458333333333334,0,0,0,0,0,0,0,1,0,0,1,1
0.0002818614820276725,0.0009075690920813113,0.0,0,0,0.46249999999999997,1,0,0,0,1,0,1,1,0,1,0,1
0.009561844276177204,0.3971244669667777,0.6966292134831461,0,1,0.9118055555555555,0,0,0,0,0,0,1,1,0,0,0,1
0.0008258633423894543,0.0016701775381731056,0.0,0,1,0.3145833333333333,1,0,0,0,1,0,0,0,0,0,1,1
0.011732066687206642,0.5252552705755905,0.012111366292134832,0,1,0.8493055555555555,0,0,0,0,0,0,1,1,0,1,0,1
0.0008163882925696424,0.020316441854358047,0.0,0,1,0.030555555555555555,1,0,0,0,1,0,1,1,0,0,0,1
0.0008204753140592015,0.00463467559465979,0.0,0,1,0.938888888888889,1,0,0,0,1,0,0,0,0,1,0,1
0.000502124640171358,0.0016217218202764414,0.0,0,1,0.6638888888888889,1,0,0,0,1,0,0,0,0,0,0,1
0.03662502157436344,0.0004694529788477783,0.262414502247191,0,1,0.8006944444444444,0,0,0,0,0,0,0,0,0,0,0,1
0.08055026353328566,0.020316441854358047,0.12488543258426968,0,1,0.075,0,0,1,0,0,1,1,1,0,1,0,1
0.055587194277467514,0.09747397253146166,0.032981770224719105,0,1,0.8298611111111112,0,0,0,0,0,0,1,0,0,1,0,1
0.02244762302960189,0.4759695867198812,0.0333153904494382,0,1,0.5187499999999999,0,0,0,0,0,0,1,1,0,1,0,1
0.023513827635705708,0.4008478555499277,0.2632544870786517,0,1,0.016666666666666666,0,0,0,0,0,0,2,1,0,0,0,1
0.00047959652171851127,0.020316441854358047,0.0,0,0,0.14166666666666666,1,0,0,0,1,0,1,0,0,0,0,1
0.0012816847390983582,0.000881959106951363,0.0,0,1,0.18055555555555555,1,0,0,0,1,0,0,1,0,1,0,1
0.0003622059044786457,0.004088004039060512,0.0,0,0,0.6590277777777778,1,0,0,0,1,0,1,0,0,0,0,1
0.0005012516355810999,0.020316441854358047,0.0,0,1,0.5916666666666667,1,0,0,0,1,0,0,0,0,1,0,1
0.0037341356340851637,0.0016876882638787827,0.0040002,0,1,0.27638888888888885,0,0,0,0,0,0,0,1,0,1,0,1
0.0005383498306434096,0.0012896595010199279,0.0,0,1,0.37986111111111115,1,0,0,0,1,0,0,0,0,0,0,1
7.720540594602447e-05,0.020316441854358047,0.0,0,0,0.9951388888888889,1,0,0,0,1,0,0,0,0,1,0,1
0.0006674775095967454,0.0016633482088051195,0.0,0,1,0.6819444444444445,1,0,0,0,1,0,1,0,0,1,0,1
0.04390549885511298,0.5225943979986813,0.6292134831460674,0,1,0.9486111111111111,0,0,0,0,0,0,0,0,0,1,0,1
6.158032378934248e-06,0.002136015037532856,0.0,0,0,0.38819444444444445,1,0,0,0,1,0,0,1,0,1,0,1
0.018033770821566982,0.45922304264509684,0.011693876404494381,0,1,0.4395833333333334,0,0,0,0,0,0,2,0,0,0,1,1
0.030637504091996514,0.23271042342655096,0.017597415730337077,0,1,0.94375,0,0,0,0,0,0,1,0,0,1,0,1
0.02458570027161203,0.2628261203961987,0.6741573033707865,0,1,0.16527777777777777,0,0,0,0,0,0,2,1,0,0,0,1
0.014019169712794353,5.8699711948643446e-05,0.0,0,1,0.8611111111111112,0,0,1,0,0,1,0,1,0,0,0,0
0.020869036729395125,0.4992089156894899,0.1770986775280899,0,1,0.018055555555555557,0,0,0,0,0,0,0,1,0,0,0,1
0.05668543605202276,0.23522180523565658,0.08277912471910112,0,1,0.5201388888888888,0,0,0,0,0,0,0,0,0,0,0,1
0.0002098041031499744,0.0012592795545326016,0.0,0,0,0.22430555555555556,1,0,0,0,1,0,1,0,0,0,0,1
0.00022461318101610578,0.002407582506835427,0.002179738202247191,0,0,0.7236111111111111,0,1,0,1,0,0,1,1,0,0,0,1
0.010612272799330379,0.0008498449986138087,0.0014075129213483146,0,1,0.24513888888888888,0,0,1,0,0,1,0,0,0,1,0,1
0.05532403289376496,0.020316441854358047,0.36823608988764045,0,1,0.2034722222222222,0,0,1,0,0,1,0,1,0,0,1,1
0.02489925692029289,0.2651511850918992,0.03630319269662921,0,1,0.9083333333333333,0,0,0,0,0,0,0,0,0,0,0,1
0.00010974057701595396,0.00036764556430992474,0.0,0,0,0.9590277777777777,1,0,0,0,1,0,1,1,0,1,0,1
0.004975185159523569,0.0004045865450829235,0.00987999606741573,0,1,0.6118055555555556,0,0,0,0,0,0,2,0,0,0,0,1
0.022541351522426308,0.008410563021295312,0.0045661213483146074,0,1,0.9145833333333333,0,0,1,0,0,1,2,0,0,0,0,1
0.00042948725824400386,0.020316441854358047,0.0,0,0,0.1729166666666667,1,0,0,0,1,0,2,0,0,1,0,1
0.000800856210901957,0.0010174074727497563,0.0,0,1,0.0375,1,0,0,0,1,0,0,1,0,0,1,1
0.021371432370991407,0.35943676244259093,0.019397970786516856,0,1,0.9465277777777777,0,0,0,0,0,0,0,0,0,1,0,1
0.002517243235664933,0.0026944956418309433,0.0,0,1,0.049305555555555554,1,0,0,0,1,0,2,1,0,1,0,1
0.028723319027211446,0.002672462924465178,0.057991143820224716,0,1,0.18125,0,0,1,0,0,1,2,1,0,0,1,1
0.002251894840463071,7.07323398827144e-06,0.0,0,1,0.2604166666666667,1,0,0,0,1,0,0,1,0,1,0,1
0.0020400337264973338,0.0604202151401354,0.0,0,1,0.7708333333333334,1,0,0,0,1,0,1,0,0,1,0,1
0.0006768885590800437,0.0009058617597393147,0.0,0,1,0.13680555555555554,1,0,0,0,1,0,2,1,0,0,1,1
0.004482247567657711,0.020316441854358047,0.014786590449438202,0,1,0.13125,0,0,0,0,0,0,1,0,0,1,0,1
0.012547536974949414,0.0008438286846467732,0.017562921348314605,0,1,0.720138888888889,0,0,1,0,0,1,0,0,0,1,0,1
0.005069545655671057,0.020316441854358047,0.0,0,1,0.9187500000000001,1,0,0,0,1,0,0,1,0,0,0,1
0.0005870060864780027,0.001385352226727231,0.0010389820224719101,0,1,0.0,0,1,0,1,0,0,0,1,0,0,0,1
0.011952712847364152,0.020316441854358047,0.13965831516853933,0,1,0.10625,0,0,0,0,0,0,0,1,0,0,0,1
0.03100975904931308,0.02516613888416888,0.3254008926966292,0,1,0.2798611111111111,0,0,0,0,0,0,0,1,0,0,0,1
0.00041534218386920276,0.0006898045429674575,0.0,0,0,0.5875,1,0,0,0,1,0,1,0,0,0,0,1
0.003287331284787895,0.0017831866789052586,0.002150440449438202,0,1,0.16805555555555554,0,0,1,0,0,1,0,0,0,1,0,1
0.0005818890595726752,0.020316441854358047,0.006274776966292135,0,1,0.9812500000000001,0,0,0,0,0,0,0,1,0,1,0,0
0.013407484496553485,0.5796239941983221,0.8707865168539326,0,1,0.5305555555555556,0,0,0,0,0,0,2,0,0,1,0,1
0.0007616680048503695,0.020316441854358047,0.0,0,1,0.1173611111111111,1,0,0,0,1,0,0,1,0,1,0,1
0.01596378593758646,0.23581269263383658,0.023684940449438203,0,1,0.5083333333333333,0,0,0,0,0,0,0,0,0,1,0,1
0.0007745860727735707,0.001608063161540469,0.0,0,1,0.7256944444444445,1,0,0,0,1,0,0,1,0,0,0,1
0.0020615288395186377,0.0025016483887254277,0.0,0,1,0.86875,1,0,0,0,1,0,0,0,0,0,0,1
0.008602085229764137,0.64610773267078,0.5786516853932584,0,1,0.46388888888888885,0,0,0,0,0,0,2,1,0,0,1,1
0.0026720260495129685,1.739852958034584e-05,0.0,0,1,0.3548611111111111,1,0,0,0,1,0,1,0,0,1,0,0
0.0010236103821433893,0.021357915395991346,0.0,0,1,0.28680555555555554,1,0,0,0,1,0,0,0,0,1,0,1
0.01810103717525347,0.020316441854358047,0.14557585056179775,0,1,0.30416666666666664,0,0,0,0,0,0,0,1,0,0,0,1
0.0012466085546677804,0.020316441854358047,0.0,0,1,0.0020833333333333333,1,0,0,0,1,0,1,0,0,1,0,1
0.0016367076058085913,0.020316441854358047,0.0,0,1,0.8333333333333334,1,0,0,0,1,0,2,0,0,0,0,1
0.002196848551029681,0.005919239928161959,0.0,0,1,0.9145833333333333,1,0,0,0,1,0,1,1,0,0,0,1
0.0022363217585798065,0.0025247380261124285,0.0,0,1,0.12708333333333333,1,0,0,0,1,0,1,1,0,0,0,1
0.00044517634073719956,0.020316441854358047,0.0,0,0,0.2138888888888889,1,0,0,0,1,0,0,1,0,0,0,1
0.0013385190379331016,0.5172526973818465,0.0026303769662921347,0,1,0.3236111111111111,0,0,0,0,0,0,0,1,0,1,0,1
0.0007388058846413414,0.022859716631612154,0.0,0,1,0.3444444444444445,1,0,0,0,1,0,0,1,0,0,1,1
0.00019084600346828625,0.008297066071322589,0.0,0,0,0.4201388888888889,1,0,0,0,1,0,0,0,0,1,0,1
0.015618707123162054,0.0007601653348119374,0.011543370786516854,0,1,0.23263888888888887,0,0,0,0,0,0,1,0,0,0,0,1
0.0012122033737653392,0.00243311119042528,0.0,0,1,0.8979166666666667,1,0,0,0,1,0,0,1,0,0,0,1
0.02297391579684926,0.020316441854358047,0.09522919606741573,0,1,0.8180555555555555,0,0,0,0,0,0,0,0,0,0,0,1
0.0020498807782731317,0.0009835047305301104,0.0,0,1,0.59375,1,0,0,0,1,0,0,0,0,1,0,1
0.0006454713938885891,0.001484759619801478,0.0,0,1,0.6687500000000001,1,0,0,0,1,0,0,1,0,0,0,1
0.000748052933262323,0.0017699345278697615,0.0,0,1,0.1173611111111111,1,0,0,0,1,0,2,0,0,0,1,1
0.00190758403007683,1.8699354221867024e-06,0.0,0,1,0.576388888888889,1,0,0,0,1,0,2,0,0,1,0,1
0.0005434638575329629,0.031292187165901486,0.0,0,1,0.03263888888888889,1,0,0,0,1,0,1,0,0,1,0,1
0.0006752225503201696,0.0006891118538458474,0.0,0,1,0.2125,1,0,0,0,1,0,0,0,0,1,0,1
1.566008234071295e-05,0.01996928427815208,0.0,0,0,0.09791666666666667,1,0,0,0,1,0,1,1,0,0,0,1
0.01239230215872475,0.002199226171941375,0.016024140449438205,0,1,0.27708333333333335,0,0,0,0,0,0,0,1,0,0,0,1
0.012389985146541901,0.799483856359691,0.007949719101123595,0,1,0.5034722222222222,0,0,0,0,0,0,1,1,0,0,0,1
0.1097463840464873,0.020316441854358047,0.7303370786516854,0,1,0.6326388888888889,0,0,1,0,0,1,0,0,0,0,0,1
2.9865157030995672e-05,0.0016998526003078075,0.005365671348314607,0,0,0.3951388888888889,0,1,0,1,0,0,1,1,0,0,0,1
0.00035808288279979775,0.020316441854358047,0.0,0,0,0.035416666666666666,1,0,0,0,1,0,0,0,0,0,1,1
0.00018509497322936926,0.005234762262101531,0.0,0,0,0.7229166666666668,1,0,0,0,1,0,1,0,0,0,0,1
0.009560378268468936,0.19900261140546785,0.005595682584269662,0,1,0.24583333333333335,0,0,0,0,0,0,2,1,0,0,0,1
0.0013636481700620782,8.209341709560004e-05,0.0,0,1,0.11597222222222221,1,0,0,0,1,0,1,1,0,1,0,1
0.008530862855276893,0.6201206384772546,0.006211910112359551,0,1,0.8618055555555556,0,0,0,0,0,0,1,0,0,1,0,1
0.010428283831916388,0.020316441854358047,0.010879971348314607,0,1,0.38680555555555557,0,0,0,0,0,0,1,0,0,0,0,1
8.132142758806625e-05,0.008796626636498375,0.0,0,0,0.19444444444444445,1,0,0,0,1,0,1,1,0,0,0,1
0.13903876706583723,0.0019000730900845455,0.12480352247191012,0,1,0.1326388888888889,0,0,1,0,0,1,0,0,0,1,0,1
0.002470329988995082,0.0020283108222919066,0.0,0,1,0.10694444444444444,1,0,0,0,1,0,0,1,0,1,0,1
0.025902954197733172,0.020316441854358047,0.20291773258426968,0,1,0.3840277777777778,0,0,0,0,0,0,0,0,0,1,0,1
0.0018538737476681652,0.021514176143038678,0.0,0,1,0.7986111111111112,1,0,0,0,1,0,0,1,0,1,0,1
0.000531567794983466,0.008010884650187929,0.0,0,1,0.11666666666666665,1,0,0,0,1,0,1,1,0,0,1,1
0.0006040241759591172,0.0015790385117265275,0.0,0,1,0.16180555555555556,1,0,0,0,1,0,0,0,0,1,0,1
0.033117897133903125,0.00720413922400932,0.021812816853932587,0,1,0.3430555555555555,0,0,0,0,0,0,0,0,0,0,1,1
0.00147143273679333,0.020316441854358047,0.0,0,1,0.03125,1,0,0,0,1,0,0,1,0,0,1,1
0.1501730936101262,0.020316441854358047,0.8876404494382022,0,1,0.36180555555555555,0,0,1,0,0,1,0,0,0,0,0,1
0.0007036706999005401,0.020316441854358047,0.0,0,1,0.4395833333333334,1,0,0,0,1,0,0,0,0,0,0,1
1.8359096532129565e-05,0.002596852492176759,0.0,0,0,0.04097222222222222,1,0,0,0,1,0,0,0,0,1,0,1
0.00042176921766254647,0.0010130984911247173,0.0049589758426966295,0,0,0.17847222222222223,0,1,0,1,0,0,1,1,0,0,1,1
0.00029531555276917645,0.0025441690941951514,0.0,0,0,0.1673611111111111,1,0,0,0,1,0,1,0,0,0,1,1
0.0022602628844622464,0.02083563348940519,0.0,0,1,0.68125,1,0,0,0,1,0,0,1,0,1,0,0
0.0006487364110560494,0.020316441854358047,0.0,0,1,0.6083333333333333,1,0,0,0,1,0,1,1,0,1,0,1
0.003672066307724646,0.31130671006000865,0.005606348314606741,0,1,0.4215277777777778,0,0,0,0,0,0,0,0,0,0,1,1
0.010580877634254601,0.0009112276613855897,0.0,0,1,0.03958333333333333,0,0,0,0,0,0,0,1,0,0,1,1
0.021207647509810607,0.03716500716673076,0.023919661797752807,0,1,0.09791666666666667,0,0,0,0,0,0,1,0,0,0,1,1
2.949215506975136e-05,0.000734803319379279,0.0,0,0,0.1451388888888889,1,0,0,0,1,0,2,1,0,0,0,1
0.00016215185259444093,0.0015873312688162251,0.01113753202247191,0,0,0.7756944444444445,0,1,0,1,0,0,1,1,0,0,0,1
0.0008155712882738338,0.001601477736792768,0.0,0,1,0.7423611111111111,1,0,0,0,1,0,0,1,0,1,0,1
0.029997533727032337,0.09439227749191252,0.02236943820224719,0,1,0.9013888888888889,0,0,0,0,0,0,0,1,0,0,0,1
0.00018674198188934078,0.0009036666181567477,0.0,0,0,0.36319444444444443,1,0,0,0,1,0,2,0,0,0,0,1
0.02761648020745293,0.557449837356269,0.017509592696629214,0,1,0.8569444444444444,0,0,0,0,0,0,2,1,0,1,0,1
0.03964192243722817,0.460767092226028,0.03451875337078652,0,1,0.2534722222222222,0,0,0,0,0,0,0,0,0,0,0,1
0.0007278918272552277,0.020316441854358047,0.0,0,1,0.6243055555555556,1,0,0,0,1,0,0,0,0,1,0,1
0.008678091629405787,0.0016057054168777118,0.005963033707865169,0,1,0.9958333333333332,0,0,0,0,0,0,0,1,0,1,0,1
0.0006936016469574598,0.0008316334536325121,0.0,0,1,0.6,1,0,0,0,1,0,1,1,0,0,0,1
0.0014651477037466263,0.008587637775622384,0.0,0,1,0.5569444444444445,1,0,0,0,1,0,1,1,0,1,0,1
0.0016343645934890326,0.002246361552826895,0.0,0,1,0.9909722222222223,1,0,0,0,1,0,0,1,0,0,0,1
0.008571446068663429,0.1877531481988863,0.03047392584269663,0,1,0.9423611111111111,0,0,0,0,0,0,0,0,0,1,0,1
0.0002511873207429325,0.0012313931262799911,0.0,0,0,0.8923611111111112,1,0,0,0,1,0,0,1,0,0,0,1
0.004486919592223216,0.0015520472134303639,0.0045115421348314606,0,1,0.01875,0,0,0,0,0,0,0,1,0,0,0,1
0.0003989210975271308,0.0004841506712661658,0.0,0,0,0.37083333333333335,1,0,0,0,1,0,1,0,0,0,1,1
3.1598166143157586e-05,0.014013098491124717,0.0,0,0,0.6298611111111111,1,0,0,0,1,0,1,1,0,0,0,1
0.0006682615137190392,2.0429450995090198e-05,0.0,0,1,0.2736111111111111,1,0,0,0,1,0,1,1,0,0,0,1
0.00392163561996009,0.03762846659604273,0.0,0,1,0.7756944444444445,1,0,0,0,1,0,0,0,0,1,0,1
0.010820788895708013,0.7013396054761465,0.04634859550561798,0,1,0.5381944444444444,0,0,0,0,0,0,1,1,0,1,0,1
0.016414531307605618,0.35743774293916447,0.011742808988764045,0,1,0.5152777777777778,0,0,0,0,0,0,0,0,0,1,0,1
0.00018415496828682324,0.0009452117051453305,0.0,0,0,0.7465277777777778,1,0,0,0,1,0,1,1,0,0,0,1
0.012349968936136666,0.9918698459904925,0.013424606741573034,0,1,0.5513888888888888,0,0,0,0,0,0,1,0,0,1,0,1
4.420623243637015e-05,0.00017446497489001934,0.0,0,0,0.6895833333333333,1,0,0,0,1,0,2,1,0,0,0,1
0.028441634546114442,0.020316441854358047,0.12826038651685392,0,1,0.7618055555555556,0,0,0,0,0,0,1,0,0,1,0,1
5.940531235313235e-05,2.6016492830423687e-05,0.0,0,0,0.15833333333333333,1,0,0,0,1,0,0,1,0,1,0,1
0.0165500550201893,0.19034132744276575,0.08983544213483147,0,1,0.28194444444444444,0,0,0,0,0,0,0,0,0,0,0,1
0.00010294354127714005,0.0026314869482572606,0.0,0,0,0.10069444444444443,1,0,0,0,1,0,0,0,0,0,0,1
0.008948098049099542,0.6388285545643091,0.02024572415730337,0,1,0.4618055555555556,0,0,0,0,0,0,1,0,0,0,1,1
0.020219509314179974,0.5532692625706409,0.013408820224719101,0,1,0.5263888888888889,0,0,0,0,0,0,0,0,0,1,0,1
0.0225386975084715,0.029862092262613733,0.021631830898876405,0,1,0.3951388888888889,0,0,0,0,0,0,0,0,0,0,1,1
0.03743279582164043,0.06703641821187019,0.024383339325842697,0,1,0.8298611111111112,0,0,0,0,0,0,0,1,0,1,0,1
0.0011636071182462278,7.894379543231688e-05,0.0,0,1,0.024305555555555556,1,0,0,0,1,0,0,1,0,0,0,1
0.000811350266079699,0.0017907477221341004,0.0,0,1,0.14166666666666666,1,0,0,0,1,0,0,0,0,0,1,1
0.023964104003258848,0.013748756289690396,0.5898876404494382,0,1,0.17777777777777778,0,0,0,0,0,0,0,1,0,0,1,1
0.004682112618548148,0.020316441854358047,0.003435462359550562,0,1,0.576388888888889,0,0,0,0,0,0,0,0,0,1,0,1
8.665045560809558e-06,2.0244083483673433e-05,0.0,0,0,0.23055555555555554,1,0,0,0,1,0,0,1,0,0,0,0
0.0001021975373546514,0.0022019709119349847,0.0,0,0,0.9868055555555556,1,0,0,0,1,0,0,0,0,1,0,1
0.001595203387579412,0.020316441854358047,0.0,0,1,0.19930555555555554,1,0,0,0,1,0,0,0,0,0,0,1
0.005963949358445727,0.020316441854358047,0.2390026949438202,0,1,0.6333333333333333,0,0,1,0,0,1,1,0,0,0,0,1
0.020687393774316467,0.020316441854358047,0.6292134831460674,0,1,0.06458333333333334,0,0,1,0,0,1,0,1,0,0,0,1
0.0021542553270745097,2.894334827384635e-05,0.0,0,1,0.09722222222222222,1,0,0,0,1,0,0,1,0,0,0,1
0.0,0.0002494331250116871,0.0,0,0,0.4604166666666667,1,0,0,0,1,0,1,0,0,0,0,1
0.002331732260248224,0.019377391992936522,0.11006299382022472,0,1,0.022222222222222223,0,0,0,0,0,0,1,1,0,0,0,1
0.0005981611451313011,0.020316441854358047,0.0,0,1,0.9256944444444444,1,0,0,0,1,0,0,0,0,0,0,1
0.00444859739072508,0.675207218926348,0.00524610393258427,0,1,0.4979166666666666,0,0,0,0,0,0,2,0,0,0,0,1
0.03353391732133727,0.9349587679239408,1.0,0,1,0.5458333333333333,0,0,0,0,0,0,1,1,0,1,0,1
0.1095756021485161,0.020316441854358047,0.3150166415730337,0,1,0.005555555555555556,0,0,1,0,0,1,1,0,0,1,0,1
0.005284458785684295,0.15710812373118782,0.0041723033707865165,0,1,0.16041666666666668,0,0,0,0,0,0,1,0,0,0,0,1
0.0003293657318050178,0.001046594725643888,0.0,0,0,0.15277777777777776,1,0,0,0,1,0,1,0,0,0,0,1
0.0005869980864359385,0.001706763231215889,0.0,0,1,0.5319444444444444,1,0,0,0,1,0,1,0,0,0,0,1
0.0002339282299946333,0.032382403419867985,0.0,0,0,0.9861111111111112,1,0,0,0,1,0,0,1,0,1,0,1
0.03594820701567249,0.03646603506210218,0.15337672640449437,0,1,0.4597222222222222,0,0,0,0,0,0,1,1,0,1,0,1
0.0005460888713352854,0.00032666958810200744,0.0,0,1,0.4576388888888889,1,0,0,0,1,0,0,0,0,0,0,1
0.009488125888565922,0.004221175961736243,0.0,0,1,0.7125,0,0,0,0,0,0,1,0,0,1,0,1
0.0004891655720325777,0.003907108112348972,0.0,0,0,0.9069444444444444,1,0,0,0,1,0,1,1,0,1,0,1
0.018244993932178096,0.8211366117908372,0.013792933146067415,0,1,0.50625,0,0,0,0,0,0,0,0,0,0,0,1
0.0010951787584499119,0.020316441854358047,0.0,0,1,0.6854166666666667,1,0,0,0,1,0,0,1,0,1,0,1
0.002325151225645144,0.18585849873454152,0.01742685393258427,0,1,0.9423611111111111,0,0,0,0,0,0,0,1,0,1,0,1
0.000984104174419749,0.020316441854358047,0.0,0,1,0.6854166666666667,1,0,0,0,1,0,2,0,0,1,0,1
0.00020404207285321905,0.008509669598671207,0.0,0,0,0.6395833333333333,1,0,0,0,1,0,0,1,0,0,0,1
0.0002753354477137841,0.005195802564087972,0.0,0,0,0.05277777777777778,1,0,0,0,1,0,1,0,0,0,0,1
0.0003772509835856717,2.2764431226620726e-06,0.0,0,0,0.024305555555555556,1,0,0,0,1,0,1,0,0,0,0,1
0.0004326572749119515,0.0005642326882598137,0.0,0,0,0.6749999999999999,1,0,0,0,1,0,1,0,0,0,0,1
0.0003043256001440056,0.0024638431725812183,0.0,0,0,0.07847222222222222,1,0,0,0,1,0,0,1,0,0,0,1
0.0010018312676288053,0.000953901213750692,0.0,0,1,0.11458333333333333,1,0,0,0,1,0,0,0,0,1,0,1
0.0006629514857989123,5.910621964911881e-05,0.0,0,1,0.24097222222222223,1,0,0,0,1,0,0,0,0,1,0,1
0.08318305437649992,0.020316441854358047,0.5342908353932584,0,1,0.4055555555555555,0,0,1,0,0,1,0,0,0,1,0,1
0.00045579839658796927,0.001064649358652801,0.0,0,0,0.5868055555555556,1,0,0,0,1,0,0,1,0,0,0,1
0.0013774262425071831,0.020316441854358047,0.0,0,1,0.7597222222222223,1,0,0,0,1,0,0,0,0,0,0,1
0.0024925861060177456,0.0023822164263257637,0.0,0,1,0.2923611111111111,1,0,0,0,1,0,0,1,0,1,0,1
0.001982517424076616,0.00198782265532456,0.0,0,1,0.08125,1,0,0,0,1,0,2,0,0,0,0,1
0.0002974925642159026,0.0007961046806109648,0.0,0,0,0.39166666666666666,1,0,0,0,1,0,0,1,0,0,0,1
0.0002597583658094874,0.007897234853319826,0.0,0,0,0.05416666666666667,1,0,0,0,1,0,0,0,0,0,0,1
0.010629117887901855,0.024063128206837623,0.11775888539325842,0,1,0.2333333333333333,0,0,0,0,0,0,1,0,0,0,0,1
0.001820371571513723,0.00021691250897365748,0.0,0,1,0.20694444444444446,1,0,0,0,1,0,0,0,0,1,0,1
0.04213107052516882,0.307615877052559,0.41206396966292136,0,1,0.3125,0,0,0,0,0,0,1,1,0,1,0,1
0.01087672018979476,0.20994959711021807,0.008717244943820224,0,1,0.24722222222222223,0,0,0,0,0,0,0,1,0,0,0,1
0.01852057238116958,0.07008491132847529,0.2999976151685393,0,1,0.5152777777777778,0,0,0,0,0,0,1,0,0,0,0,1
8.682745653876648e-05,3.8293025384779864e-05,0.0,0,0,0.03333333333333333,1,0,0,0,1,0,0,1,0,1,0,1
0.04282815519043999,0.020316441854358047,0.04026657865168539,0,1,0.21875,0,0,1,0,0,1,0,1,0,0,1,1
0.000175573923167688,0.0024241680210148222,0.0,0,0,0.6430555555555556,1,0,0,0,1,0,1,1,0,0,0,1
0.00029795556665036945,0.00010520419288302579,0.0,0,0,0.6027777777777777,1,0,0,0,1,0,0,0,0,1,0,1
0.007136444523425304,0.04319561069245335,0.3329027528089888,0,1,0.09236111111111112,0,0,0,0,0,0,2,1,0,1,0,1
0.0181431833968583,0.22913762562104212,0.09319336011235956,0,1,0.4618055555555556,0,0,0,0,0,0,0,1,0,1,0,1
0.0029845586928096066,0.5845077037274317,0.006827022471910112,0,1,0.4534722222222222,0,0,0,0,0,0,0,0,0,0,1,1
0.0011462510269879,0.020316441854358047,0.0,0,1,0.6868055555555556,1,0,0,0,1,0,1,1,0,1,0,1
0.0001168756145319812,0.0009053739504987443,0.0,0,0,0.9395833333333333,1,0,0,0,1,0,0,0,0,1,0,1
2.5505134105995132e-05,0.008061535509667159,0.0,0,0,0.7784722222222222,1,0,0,0,1,0,0,1,0,0,0,1
0.0007820591120668112,0.001634323558991178,0.0,0,1,0.6902777777777778,1,0,0,0,1,0,0,0,0,0,0,1
0.0012836807495933814,0.012357752792911156,0.0,0,1,0.19375,1,0,0,0,1,0,2,0,0,1,0,1
0.008413738239435663,0.7358655240006211,0.004970548314606742,0,1,0.4993055555555555,0,0,0,0,0,0,0,1,0,0,0,1
0.00015047879121748422,0.0009097642336638783,0.0,0,0,0.08125,1,0,0,0,1,0,1,1,0,0,1,1
0.016261942505293694,0.34187318097966723,0.016741480898876403,0,1,0.31319444444444444,0,0,0,0,0,0,2,0,0,1,0,1
0.018781218751648197,1.0,0.031784662921348315,0,1,0.5520833333333334,0,0,0,0,0,0,0,1,0,1,0,1
0.0001691888895951815,0.0033178345497398756,0.0,0,0,0.7506944444444444,1,0,0,0,1,0,0,1,0,0,0,1
0.00669473820093346,0.006070460792738797,0.00030926966292134833,0,1,0.17916666666666667,0,0,0,0,0,0,1,1,0,1,0,1
0.01996314596622149,0.020316441854358047,0.011506784831460674,0,1,0.3979166666666667,0,0,0,0,0,0,0,0,0,1,0,1
0.04096139937503791,0.16140872154141217,0.03579651516853932,0,1,0.1625,0,0,0,0,0,0,2,1,0,0,0,1
0.02616005654957734,0.020316441854358047,0.33440426404494383,0,1,0.9604166666666667,0,0,0,0,0,0,2,1,0,1,0,1
0.0019097640415393301,0.020316441854358047,0.0,0,1,0.43124999999999997,1,0,0,0,1,0,1,0,0,1,0,1
0.05253217021415099,0.020316441854358047,0.05226244831460674,0,1,0.06805555555555555,0,0,1,0,0,1,1,0,0,0,0,1
0.0005158107121327244,0.004148167178730866,0.0,0,1,0.7479166666666667,1,0,0,0,1,0,1,1,0,0,0,1
0.026531025500132078,0.6531055985053524,0.016654155056179776,0,1,0.46597222222222223,0,0,0,0,0,0,0,0,0,0,1,1
0.012725607911246398,0.18243698358278002,0.04167088764044944,0,1,0.24513888888888888,0,0,0,0,0,0,0,0,0,0,0,1
0.030812655012940057,0.37078721517021695,0.018299831460674158,0,1,0.5166666666666667,0,0,0,0,0,0,1,1,0,1,0,1
0.0009478659838793433,0.0015359259310449118,0.0,0,1,0.751388888888889,1,0,0,0,1,0,0,0,0,0,0,1
0.0013224329533524687,0.0050332157442058425,0.0,0,1,0.10277777777777779,1,0,0,0,1,0,0,1,0,1,0,1
0.0005625679579823231,0.020316441854358047,0.0,0,1,0.14166666666666666,1,0,0,0,1,0,0,1,0,0,0,1
0.0004634584368644611,0.0017604222476786378,0.0,0,0,0.38819444444444445,1,0,0,0,1,0,0,0,0,0,0,1
0.002420052724637226,0.45725123801920176,0.0052804494382022475,0,1,0.4388888888888889,0,0,0,0,0,0,1,1,0,0,1,1
0.035868580596996776,0.020316441854358047,0.3951194550561798,0,1,0.07569444444444444,0,0,1,0,0,1,1,0,0,1,0,1
0.004595054160794777,0.5337158852640145,0.0032822932584269664,0,1,0.325,0,0,0,0,0,0,2,1,0,1,0,1
0.0001707438977714145,0.013457925233477698,0.0,0,0,0.3277777777777778,1,0,0,0,1,0,0,0,0,0,0,1
0.0008901346803281491,1.073180329254977e-05,0.0,0,1,0.7722222222222223,1,0,0,0,1,0,0,1,0,1,0,1
0.014186592593103857,0.020316441854358047,0.5842696629213483,0,1,0.08472222222222221,0,0,0,0,0,0,2,1,0,0,1,1
0.017845395831091283,0.020316441854358047,0.02231196573033708,0,1,0.45416666666666666,0,0,0,0,0,0,0,0,0,1,0,1
0.00028261148597119324,1.0569200212359622e-05,0.0,0,0,0.1326388888888889,1,0,0,0,1,0,2,1,0,0,1,1
0.0002467512974183218,0.006675262949506052,0.0,0,0,0.5993055555555555,1,0,0,0,1,0,0,0,0,0,0,1
0.009059398634318018,0.133173077970616,0.008574879213483147,0,1,0.24027777777777778,0,0,0,0,0,0,0,1,0,0,0,1
0.00743228307894443,7.063721708080317e-05,0.5786516853932584,0,1,0.4666666666666666,0,0,0,0,0,0,2,1,0,0,0,1
0.0004995336265478085,0.0019083097491115774,0.0,0,1,0.4576388888888889,1,0,0,0,1,0,2,1,0,1,0,1
0.0005248567596968425,0.0009253741293621325,0.0,0,1,0.6069444444444444,1,0,0,0,1,0,2,0,0,0,0,1
0.008678382630935873,0.6175969752575023,0.006119458988764045,0,1,0.9763888888888889,0,0,0,0,0,0,1,1,0,0,0,1
0.0015041229086782538,0.020316441854358047,0.0,0,1,0.7368055555555556,1,0,0,0,1,0,0,0,0,1,0,1
0.0013311999994495972,0.020316441854358047,0.0,0,1,0.5916666666666667,1,0,0,0,1,0,1,1,0,1,0,1
0.0009328159047460273,0.008009014714765741,0.0,0,1,0.3972222222222222,1,0,0,0,1,0,0,0,0,1,0,1
0.021461078842352554,0.15049928170089327,0.8651685393258427,0,1,0.9416666666666668,0,0,0,0,0,0,1,0,0,1,0,1
0.02008591361173377,0.018605201347329122,0.8820224719101124,0,1,0.44930555555555557,0,0,0,0,0,0,0,1,0,1,0,1
0.00992003415953961,0.28539622224263794,0.024201026966292137,0,1,0.009027777777777779,0,0,0,0,0,0,0,0,0,0,0,1
0.0011166438713134752,0.0011944822270768276,0.0,0,1,0.26944444444444443,1,0,0,0,1,0,0,1,0,1,0,1
0.0430036381131292,0.06569660297775021,0.2048581129213483,0,1,0.4604166666666667,0,0,0,0,0,0,2,0,0,1,0,1
0.0008978017206414471,0.020316441854358047,0.0,0,1,0.19722222222222222,1,0,0,0,1,0,1,0,0,0,0,1
0.0013215619487727266,0.006721686128900339,0.0,0,1,0.4666666666666666,1,0,0,0,1,0,0,1,0,1,0,1
0.0006856856053349128,0.004121093765879207,0.0,0,1,0.9944444444444445,1,0,0,0,1,0,0,0,0,0,0,1
0.00037132995245289004,0.006664531146213503,0.0,0,0,0.45208333333333334,1,0,0,0,1,0,0,0,0,0,0,1
0.0006498594169608144,0.0012787919241554193,0.0,0,1,0.9826388888888888,1,0,0,0,1,0,0,0,0,1,0,0
0.0009580520374376128,0.020316441854358047,0.0,0,1,0.02361111111111111,1,0,0,0,1,0,1,1,0,0,1,1
0.001770457309064531,0.0017635930077423458,0.0,0,1,0.9784722222222223,1,0,0,0,1,0,0,1,0,0,0,1
0.001219282410986917,0.17909428702207905,0.0017679651685393258,0,1,0.5020833333333333,0,0,0,0,0,0,1,1,0,1,0,1
0.0051084318601347205,0.5878643500063822,0.015451506741573034,0,1,0.9736111111111111,0,0,0,0,0,0,0,0,0,0,0,1
0.011771898896644399,0.6574956458960202,0.014984561235955056,0,1,0.8638888888888889,0,0,0,0,0,0,0,0,0,1,0,1
3.83082014245231e-05,0.002422785894833206,0.0,0,0,0.041666666666666664,1,0,0,0,1,0,1,1,0,1,0,1
0.0469638179357547,0.0036056420016764377,0.005576760674157303,0,1,0.03888888888888889,0,0,1,0,0,1,1,1,0,0,1,1
0.00123906951502751,0.020316441854358047,0.0,0,1,0.18055555555555555,1,0,0,0,1,0,0,0,0,0,1,1
0.0023808925187328634,0.00253725846328707,0.0,0,1,0.8805555555555555,1,0,0,0,1,0,0,0,0,1,0,1
0.007718327582966431,0.0012491981635608124,0.0013401174157303371,0,1,0.9923611111111111,0,0,0,0,0,0,0,0,0,1,0,1
0.0002235901756371435,0.02108381944879182,0.0,0,0,0.42430555555555555,1,0,0,0,1,0,1,0,0,0,0,1
0.0353159656913476,0.4773593284167582,0.7191011235955056,0,1,0.8486111111111111,0,0,0,0,0,0,1,0,0,1,0,1
0.03429953334694633,0.020316441854358047,0.1900000466292135,0,1,0.7888888888888889,0,0,0,0,0,0,1,1,0,1,0,1
0.004559756975202176,0.01465826117144137,0.021482064606741572,0,1,0.15416666666666667,0,0,0,0,0,0,2,0,0,0,0,1
0.002803213739297841,0.0,0.0,0,1,0.8118055555555556,1,0,0,0,1,0,1,0,0,1,0,1
0.00011479960361631582,0.020316441854358047,0.0,0,0,0.8340277777777777,1,0,0,0,1,0,0,0,0,0,0,1
0.0009857351829955922,3.398404375974094e-05,0.0,0,1,0.27499999999999997,1,0,0,0,1,0,1,1,0,1,0,1
0.003213277895415174,0.5188447734085426,0.0026686280898876404,0,1,0.4486111111111111,0,0,0,0,0,0,0,1,0,0,1,1
0.002761637520690084,0.0011059448499132919,0.0,0,1,0.8993055555555555,1,0,0,0,1,0,1,1,0,1,0,1
0.04739410519820513,0.020316441854358047,0.06440510898876405,0,1,0.3145833333333333,0,0,0,0,0,0,2,1,0,0,0,1
0.0002728184344793285,0.0024388022982319356,0.0,0,0,0.05625,1,0,0,0,1,0,0,1,0,0,1,1
0.0006507094214301379,0.0037433668105974933,0.0,0,1,0.2777777777777778,1,0,0,0,1,0,0,0,0,1,0,1
0.0001959300302000988,0.020316441854358047,0.0,0,0,0.5916666666666667,1,0,0,0,1,0,0,0,0,0,0,1
0.00034704982478797874,0.8011546217079991,0.00603605393258427,0,0,0.2659722222222222,0,0,0,0,0,0,0,0,0,0,0,1
0.00029894957187684895,0.020316441854358047,0.0,0,0,0.5444444444444444,1,0,0,0,1,0,0,0,0,0,0,1
0.0008663155550871887,0.0016240795649391986,0.0,0,1,0.2916666666666667,1,0,0,0,1,0,1,0,0,1,0,1
0.030542453592220988,0.008048445961711852,0.024253236516853932,0,1,0.20555555555555557,0,0,0,0,0,0,0,1,0,1,0,1
0.030769902788148857,0.020316441854358047,0.2317548949438202,0,1,0.35625,0,0,1,0,0,1,1,0,0,0,0,0
0.0033974938640227367,0.020316441854358047,0.0,0,1,0.7319444444444444,1,0,0,0,1,0,0,1,0,1,0,1
0.0014852008091858547,0.020316441854358047,0.0,0,1,0.725,1,0,0,0,1,0,0,0,0,1,0,1
0.0003194316795717712,0.0009356994249542069,0.0,0,0,0.34930555555555554,1,0,0,0,1,0,0,0,0,0,0,1
0.0001257336611075901,0.00039452954457316284,0.0,0,0,0.022222222222222223,1,0,0,0,1,0,0,0,0,0,1,1
0.0034962893834895783,0.23126060964772857,0.002885500561797753,0,1,0.027777777777777776,0,0,0,0,0,0,0,0,0,0,1,1
0.0008840626484014053,0.598877653377388,0.002067037640449438,0,1,0.4548611111111111,0,0,0,0,0,0,1,0,0,0,1,1
0.1610219966536584,0.020316441854358047,0.35668913483146064,0,1,0.07152777777777779,0,0,1,0,0,1,2,0,0,0,0,1
0.00042624924121851035,0.0003430420922463534,0.0,0,0,0.9833333333333334,1,0,0,0,1,0,0,1,0,0,0,0
0.0004202802098333433,0.0006111436768946714,0.0,0,0,0.4680555555555555,1,0,0,0,1,0,0,0,0,0,0,1
0.056425213683773554,0.020316441854358047,0.7359550561797753,0,1,0.8756944444444444,0,0,1,0,0,1,0,0,0,0,0,1
0.00043591229202683153,0.015898516165591726,0.0,0,0,0.11527777777777777,1,0,0,0,1,0,0,0,0,0,1,1
0.02042513439535665,0.020316441854358047,0.05967000224719101,0,1,0.08194444444444444,0,0,1,0,0,1,0,0,0,1,0,1
0.0022870820254772897,0.020316441854358047,0.0,0,1,0.6131944444444445,1,0,0,0,1,0,0,1,0,1,0,1
0.0029109523057872237,0.012078482002684576,0.016734522471910113,0,1,0.9006944444444445,0,0,0,0,0,0,2,0,0,0,0,1
0.000382615011789732,0.002640592720747909,0.000619958988764045,0,0,0.3069444444444444,0,1,0,1,0,0,0,0,0,0,1,1
0.012958329134894591,0.020316441854358047,0.009340854494382022,0,1,0.2902777777777778,0,0,0,0,0,0,0,0,0,0,1,1
0.0008550564958870555,0.000734722017839184,0.0,0,1,0.2111111111111111,1,0,0,0,1,0,1,0,0,1,0,1
0.0022297157238452756,0.0002352476322958986,0.0,0,1,0.3770833333333334,1,0,0,0,1,0,1,0,0,0,0,1
0.00024045426430852176,0.021314869482572607,0.0,0,0,0.11597222222222221,1,0,0,0,1,0,1,1,0,0,0,1
0.004161251879862384,0.010048301244970484,0.0012995505617977529,0,1,0.9736111111111111,0,0,1,0,0,1,1,0,0,1,0,1
0.0010171473481607567,0.0008222837765215786,0.0,0,1,0.7729166666666667,0,0,1,0,0,1,0,0,0,1,0,1
0.00011087258296804125,0.010189847226276007,0.0,0,0,0.17847222222222223,1,0,0,0,1,0,0,0,0,0,0,1
0.00023237722183943246,0.005091427646913916,0.0,0,0,0.7909722222222223,1,0,0,0,1,0,1,0,0,0,0,1
0.00019535302716621684,7.47974168874681e-06,0.0,0,0,0.9347222222222222,1,0,0,0,1,0,0,0,0,0,0,1
0.026297676273181844,0.42593754334388356,0.6292134831460674,0,1,0.5187499999999999,0,0,0,0,0,0,2,1,0,1,0,1
3.4760182769041006e-06,0.0017074949450767447,0.0,0,0,0.29375,1,0,0,0,1,0,2,0,0,1,0,1
0.00035909188810514766,0.0032894603122466948,0.0,0,0,0.12986111111111112,1,0,0,0,1,0,1,1,0,0,1,1
0.0006151902346702539,0.016518115202656284,0.0,0,1,0.7256944444444445,1,0,0,0,1,0,2,1,0,0,0,1
0.008731964912671511,0.3359545800816105,0.011497408426966291,0,1,0.9090277777777778,0,0,0,0,0,0,0,0,0,0,0,1
0.0009080797746834553,0.0017148120836853013,0.0,0,1,0.7611111111111111,1,0,0,0,1,0,0,0,0,1,0,1
0.01898445782027922,0.6121626526741296,0.011349224157303371,0,1,0.53125,0,0,0,0,0,0,1,0,0,1,0,1
0.12235016331715871,0.020316441854358047,0.26775535561797753,0,1,0.5069444444444444,0,0,1,0,0,1,1,0,0,0,1,1
4.4638234707838094e-05,5.617936420569615e-05,0.0,0,0,0.3430555555555555,1,0,0,0,1,0,1,0,0,0,0,1
0.008964616135951644,0.015141156546928469,0.20502047022471911,0,1,0.0375,0,0,0,0,0,0,0,1,0,1,0,0
0.0016983989301815746,0.020316441854358047,0.0,0,1,0.043750000000000004,1,0,0,0,1,0,1,1,0,0,1,1
0.0015919953707116592,0.020316441854358047,0.0,0,1,0.5833333333333334,1,0,0,0,1,0,2,0,0,1,0,1
0.015758405857698003,0.0012896863305281593,0.0,0,1,0.06041666666666667,0,0,1,0,0,1,1,0,0,1,0,1
0.0019862144435155438,0.012017993656853842,0.0,0,1,0.8722222222222222,1,0,0,0,1,0,1,0,0,0,0,1
0.0016668517643065764,0.020316441854358047,0.0,0,1,0.4381944444444445,1,0,0,0,1,0,1,0,0,1,0,1
0.05213883314598468,0.020316441854358047,0.08764560898876406,0,1,0.8090277777777778,0,0,0,0,0,0,1,0,0,0,0,1
8.313043709983827e-05,0.0025477463619593345,0.0,0,0,0.06527777777777778,1,0,0,0,1,0,0,1,0,0,1,1
0.018315104300818414,0.3084046458952072,0.2794031320224719,0,1,0.28680555555555554,0,0,0,0,0,0,0,1,0,0,0,1
6.483134088319036e-05,0.0016832670861284126,0.025578838764044945,0,0,0.6798611111111111,0,1,0,1,0,0,1,1,0,0,0,1
0.01392313720785544,0.0005263811302377501,0.04996808426966292,0,1,0.6944444444444445,0,0,0,0,0,0,2,0,0,1,0,1
0.015926503741556675,0.020316441854358047,0.6966292134831461,0,1,0.31805555555555554,0,0,0,0,0,0,1,0,0,0,0,1
0.0003050906041663967,0.0008300074228306107,0.0,0,0,0.37152777777777773,1,0,0,0,1,0,0,0,0,0,0,1
0.0010417344774398824,0.020316441854358047,0.0,0,1,0.03194444444444445,1,0,0,0,1,0,0,1,0,0,1,1
0.022127427346012987,0.00024553065108712355,0.00012175955056179776,0,1,0.9784722222222223,0,0,0,0,0,0,1,0,0,0,0,1
0.01189094952261259,0.020316441854358047,0.021320970224719103,0,1,0.3763888888888889,0,0,0,0,0,0,0,1,0,1,0,1
0.01075369254291539,0.17519178301594568,0.15030445056179775,0,1,0.8319444444444444,0,0,0,0,0,0,0,0,0,1,0,0
0.0005432388563499067,0.020316441854358047,0.0,0,1,0.7340277777777778,1,0,0,0,1,0,1,1,0,1,0,1
0.02307263631592175,0.7405603261492583,0.027228412921348314,0,1,0.47500000000000003,0,0,0,0,0,0,0,1,0,0,1,1
0.00032681371838653127,0.022879828193585472,0.0,0,0,0.7229166666666668,1,0,0,0,1,0,1,1,0,1,0,1
0.0006157572376515555,0.020316441854358047,0.0,0,1,0.88125,1,0,0,0,1,0,0,1,0,1,0,1
0.15955687395004323,0.020316441854358047,0.11521693651685393,0,1,0.07569444444444444,0,0,1,0,0,1,0,1,0,1,0,1
0.030833344121723394,3.352062498119901e-06,0.023046345505617977,0,1,0.4666666666666666,0,0,0,0,0,0,1,0,0,1,0,1
0.02505273872730023,0.1971430760762901,0.05597702247191011,0,1,0.1076388888888889,0,0,0,0,0,0,0,0,0,0,1,1
0.0007852831290186923,0.005999972357476368,0.0,0,1,0.4215277777777778,1,0,0,0,1,0,1,1,0,1,0,1
0.00040431512588893196,0.00014170858438571402,0.0,0,0,0.07430555555555556,1,0,0,0,1,0,0,1,0,0,1,1
0.01642678837205326,0.5141123408420726,0.404350893258427,0,1,0.9708333333333333,0,0,0,0,0,0,1,1,0,0,0,1
0.00178713839677369,0.32382485371820396,0.0026132185393258427,0,1,0.8395833333333332,0,0,0,0,0,0,0,0,0,1,0,1
0.0008197183100788743,3.53661699413572e-05,0.0,0,1,0.3756944444444445,1,0,0,0,1,0,1,0,0,0,1,1
0.0001223436432828764,0.020316441854358047,0.0,0,0,0.43472222222222223,1,0,0,0,1,0,0,1,0,0,0,1
0.0003356257647202709,0.001242124929572541,0.0,0,0,0.23124999999999998,1,0,0,0,1,0,0,0,0,0,0,0
0.022991055886971853,0.31134151768836954,0.15677069550561798,0,1,0.011111111111111112,0,0,0,0,0,0,1,1,0,0,0,1
0.025969254546340408,0.020316441854358047,0.15979610786516854,0,1,0.09444444444444444,0,0,0,0,0,0,0,1,0,0,1,0
5.2350275257747305e-05,0.001657331894838084,0.0,0,0,0.3680555555555556,1,0,0,0,1,0,1,1,0,0,0,1
0.01736443930222185,0.002408802029936853,0.008437865168539326,0,1,0.08958333333333333,0,0,0,0,0,0,1,1,0,0,1,1
0.02493100508722475,0.020316441854358047,0.028021919101123595,0,1,0.27499999999999997,0,0,0,0,0,0,2,1,0,0,1,1
0.01779892258673496,0.348725673969442,0.601123595505618,0,1,0.48541666666666666,0,0,0,0,0,0,1,1,0,0,0,1
0.0033097024024152316,0.020316441854358047,0.0,0,1,0.029166666666666664,1,0,0,0,1,0,1,0,0,0,0,1
0.014679898186904669,0.5869384579862096,0.2506390387640449,0,1,0.45416666666666666,0,0,0,0,0,0,0,1,0,0,1,1
0.018429556902610195,0.2571940123041751,0.5223583247191012,0,1,0.4618055555555556,0,0,0,0,0,0,2,1,0,1,0,1
0.011902094581213307,0.10554451950383296,0.08357732808988763,0,1,0.5152777777777778,0,0,0,0,0,0,1,0,0,0,0,1
0.0117422077405283,0.3942807829988723,0.01001126966292135,0,1,0.28958333333333336,0,0,0,0,0,0,1,0,0,0,0,1
0.0005532759091247302,0.007440673046669523,0.0,0,1,0.11805555555555557,1,0,0,0,1,0,1,0,0,0,1,1
7.252838135422915e-05,0.0006146396431187596,0.0,0,0,0.2965277777777778,1,0,0,0,1,0,2,0,0,0,1,1
0.009453601707037776,0.7093201207490474,0.008594606741573033,0,1,0.4986111111111111,0,0,0,0,0,0,0,1,0,0,0,1
0.004464251473034245,0.40139446450334104,0.0032943134831460675,0,1,0.525,0,0,0,0,0,0,0,1,0,0,0,1
0.0015278460334144435,0.020316441854358047,0.0,0,1,0.6472222222222223,1,0,0,0,1,0,0,1,0,0,0,1
0.0005682729879793708,0.03660821356938965,0.0,0,1,0.24722222222222223,1,0,0,0,1,0,0,1,0,1,0,1
0.00031621066263566415,0.003745643253720155,0.0,0,0,0.13055555555555556,1,0,0,0,1,0,0,0,0,0,1,1
0.00024611529407421624,0.001456435789263156,0.0,0,0,0.5854166666666667,1,0,0,0,1,0,0,1,0,0,0,1
0.020096015664850368,0.202815972337964,0.34569705505617976,0,1,0.9430555555555555,0,0,0,0,0,0,2,0,0,1,0,1
0.0346676952827418,0.10066331406215827,0.28095308202247193,0,1,0.4604166666666667,0,0,0,0,0,0,0,1,0,1,0,1
0.0012704486800191597,2.991896675498724e-05,0.0,0,1,0.9868055555555556,1,0,0,0,1,0,0,0,0,0,0,1
0.006201668608373543,0.020316441854358047,0.01545129213483146,0,1,0.25972222222222224,0,0,0,0,0,0,0,1,0,0,1,1
0.0006620414810141072,0.005869699647720427,0.0,0,1,0.052083333333333336,1,0,0,0,1,0,0,1,0,0,0,1
0.0013354910220117937,0.002414005328502938,0.0,0,1,0.7708333333333334,1,0,0,0,1,0,0,1,0,1,0,1
3.0780161842090965e-05,1.7723735740726135e-05,0.0,0,0,0.6180555555555556,1,0,0,0,1,0,0,1,0,0,0,1
0.026506407370689954,0.020316441854358047,0.01677216011235955,0,1,0.9347222222222222,0,0,0,0,0,0,0,0,0,1,0,1
0.0009569120314434613,0.0019129439368969967,0.0,0,1,0.9381944444444444,1,0,0,0,1,0,0,1,0,1,0,1
0.023535768751072095,0.8536572278288668,0.018474716292134832,0,1,0.26805555555555555,0,0,0,0,0,0,0,0,0,0,0,1
0.018852196124847224,0.20380848609215205,0.5617977528089888,0,1,0.5715277777777777,0,0,0,0,0,0,1,1,0,0,0,1
0.039531794858177365,0.19911654575772628,0.3494482095505618,0,1,0.027777777777777776,0,0,0,0,0,0,1,1,0,0,1,1
0.01770355408528738,0.4848114544113809,0.3602726814606742,0,1,0.018055555555555557,0,0,0,0,0,0,2,0,0,0,0,1
0.0012241384365198993,5.617936420569615e-05,0.0,0,1,0.04791666666666666,1,0,0,0,1,0,2,1,0,1,0,1
0.0008116672677464938,0.021143522421745234,0.0,0,1,0.6749999999999999,1,0,0,0,1,0,0,1,0,0,0,1
0.003742799679640715,5.85371088684533e-06,0.0,0,1,0.09375,1,0,0,0,1,0,1,1,0,0,0,1
0.017083813826693103,0.0025464455373178136,0.0,0,1,0.22708333333333333,0,0,1,0,0,1,0,0,0,0,0,1
0.0006329643281264372,0.012570275018719679,0.0,0,1,0.2125,1,0,0,0,1,0,1,0,0,0,1,1
0.0021075950817349394,0.001429167252715268,0.005752752808988764,0,1,0.6951388888888889,0,0,0,0,0,0,1,1,0,1,0,1
0.0004912265828693727,0.000452524372169182,0.0,0,0,0.8131944444444444,1,0,0,0,1,0,1,0,0,0,0,1
0.0003321247463119161,0.0016468439961658194,0.0,0,0,0.37013888888888885,1,0,0,0,1,0,0,1,0,0,0,1
0.0011188118827128793,0.020316441854358047,0.0,0,1,0.7354166666666666,1,0,0,0,1,0,0,1,0,1,0,1
0.00035909188810514766,0.020316441854358047,0.0,0,0,0.6847222222222222,1,0,0,0,1,0,0,0,0,1,0,1
0.03809002327734239,0.20424991768219067,0.26040442584269663,0,1,0.5194444444444445,0,0,0,0,0,0,0,1,0,0,0,1
0.0016873588721329498,4.024426234706164e-05,0.0,0,1,0.035416666666666666,1,0,0,0,1,0,0,0,0,1,0,1
0.010102343118120114,0.11768695736303332,0.007763395505617977,0,1,0.10208333333333335,0,0,0,0,0,0,1,0,0,0,1,1
0.010269754998371782,0.4610460304929556,0.01492335393258427,0,1,0.5270833333333333,0,0,0,0,0,0,0,0,0,0,0,1
0.00032814672539548215,0.008384871734625269,0.0,0,0,0.05902777777777778,1,0,0,0,1,0,0,0,0,1,0,1
0.00016338385907233103,0.003220354003165882,0.0,0,0,0.33055555555555555,1,0,0,0,1,0,0,0,0,0,0,1
0.00046407944012969625,0.020316441854358047,0.0,0,0,0.029166666666666664,1,0,0,0,1,0,2,1,0,0,0,1
0.002104795067012462,0.0025666896208014866,0.0,0,1,0.4576388888888889,1,0,0,0,1,0,0,0,0,1,0,1
0.0003339627559761709,0.0052544136573579115,0.0,0,0,0.8944444444444444,1,0,0,0,1,0,0,0,0,1,0,1
0.0012834817485470338,0.004915816320308556,0.0,0,1,0.24027777777777778,1,0,0,0,1,0,1,0,0,0,1,1
0.022153325482185387,0.2579033625503968,0.04526713033707865,0,1,0.8347222222222223,0,0,0,0,0,0,0,1,0,1,0,1
0.000625972291362308,0.01720836527806346,0.0,0,1,0.6826388888888889,1,0,0,0,1,0,0,1,0,1,0,1
5.100626819095815e-05,0.05480626249503044,0.0,0,0,0.1423611111111111,1,0,0,0,1,0,2,1,0,0,0,1
0.00019474602397459407,0.005800051870382581,0.0,0,0,0.32708333333333334,1,0,0,0,1,0,2,1,0,0,0,1
0.0006731845396043093,0.001716763320647583,0.0,0,1,0.4486111111111111,1,0,0,0,1,0,1,0,0,0,0,1
0.0003989110974745505,0.002360508915120379,0.0,0,0,0.6784722222222223,1,0,0,0,1,0,0,1,0,1,0,1
0.0006172632455701452,0.002771081692600503,0.0,0,1,0.4576388888888889,1,0,0,0,1,0,1,1,0,0,0,1
0.036659446755371035,0.13971973245289185,0.38206272528089885,0,1,0.517361111111111,0,0,0,0,0,0,2,0,0,0,0,1
0.007263673192393644,0.001990015357860924,0.0057963483146067415,0,1,0.46388888888888885,0,0,0,0,0,0,1,1,0,0,0,1
0.00294640949222111,0.730963172841383,0.011185955056179775,0,1,0.5388888888888889,0,0,0,0,0,0,0,0,0,1,0,1
0.04044413365525475,0.005850138497173552,0.04913965,0,1,0.6479166666666667,0,0,0,0,0,0,0,1,0,1,0,1
0.00023909725717337823,0.020316441854358047,0.0,0,0,0.6256944444444444,1,0,0,0,1,0,0,1,0,1,0,1
0.006719617331747929,0.11878488100300083,0.008868978651685394,0,1,0.9013888888888889,0,0,0,0,0,0,0,0,0,0,0,1
0.00028396549309056264,0.0011715535667392147,0.0,0,0,0.6027777777777777,1,0,0,0,1,0,1,0,0,0,0,1
0.0028213808348204294,0.752594202874985,0.008606559550561799,0,1,0.5437500000000001,0,0,0,0,0,0,0,0,0,1,0,1
0.0005798900490618779,0.0004807360065821727,0.0,0,1,0.46527777777777773,1,0,0,0,1,0,0,0,0,0,0,1
0.0013048988611582119,0.0043046726434138845,0.0,0,1,0.8993055555555555,1,0,0,0,1,0,0,0,0,0,0,1
0.030871135320429514,0.020316441854358047,0.03634131460674157,0,1,0.3854166666666667,0,0,0,0,0,0,0,0,0,0,0,1
0.0007462939240134524,0.005946557245633904,0.0,0,1,0.7951388888888888,1,0,0,0,1,0,2,1,0,1,0,1
0.0025151302245547207,0.014010043992263346,0.0,0,1,0.9993055555555556,1,0,0,0,1,0,1,0,0,0,0,1
0.005182466249407539,0.34002002375631,0.028486997191011235,0,1,0.5805555555555556,0,0,0,0,0,0,0,0,0,0,0,1
0.00018688598264649678,0.0028058787517611945,0.0,0,0,0.14583333333333334,1,0,0,0,1,0,2,0,0,0,0,1
0.00651617926207056,0.5026943980799828,0.0066352876404494375,0,1,0.9694444444444444,0,0,0,0,0,0,1,1,0,0,0,1
0.0017774463458128862,0.0008452108108283896,0.0,0,1,0.8951388888888889,1,0,0,0,1,0,0,1,0,1,0,1
0.0008475424563782356,0.020316441854358047,0.0,0,1,0.9923611111111111,1,0,0,0,1,0,0,0,0,0,0,1
4.85592553245645e-05,0.0004449633289403401,0.0,0,0,0.6361111111111112,1,0,0,0,1,0,0,1,0,0,0,1
0.0023172431840646616,0.002493436933175825,0.0,0,1,0.0,1,0,0,0,1,0,1,1,0,1,0,1
7.555339725976279e-05,0.00038138552458599225,0.0,0,0,0.18541666666666667,1,0,0,0,1,0,2,1,0,0,0,1
0.00018637097993861253,0.0026769345091704074,0.0,0,0,0.1840277777777778,1,0,0,0,1,0,0,1,0,1,0,1
0.00035292985570518134,0.020316441854358047,0.0,0,0,0.7666666666666666,1,0,0,0,1,0,0,0,0,0,0,1
0.019759671896354834,0.017466561083066597,0.8202247191011236,0,1,0.05486111111111111,0,0,0,0,0,0,0,0,0,0,1,1
0.002743168423579571,0.0013597389895356787,0.0,0,1,0.2965277777777778,1,0,0,0,1,0,1,0,0,0,0,1
0.0017898944112648143,0.0008283000904886141,0.0,0,1,0.967361111111111,1,0,0,0,1,0,0,0,0,1,0,1
8.675445615493045e-05,0.001208059584272705,0.0,0,0,0.8131944444444444,1,0,0,0,1,0,0,1,0,0,0,1
0.0006507984218981023,0.020316441854358047,0.0,0,1,0.5909722222222222,1,0,0,0,1,0,2,1,0,1,0,1
0.00023432023205578016,0.0016309088943071849,0.0,0,0,0.049305555555555554,1,0,0,0,1,0,2,1,0,0,1,1
0.0003154566586711113,0.020316441854358047,0.0,0,0,0.19722222222222222,1,0,0,0,1,0,0,0,0,0,0,1
0.00045182137567679337,0.005039313359712973,0.0,0,0,0.2777777777777778,1,0,0,0,1,0,1,1,0,1,0,1
0.0017771743443827025,0.09230539866616694,0.01821599662921348,0,1,0.31180555555555556,0,0,0,0,0,0,1,1,0,0,1,1
0.0003287447285397827,0.001621234011035871,0.002078150561797753,0,0,0.8701388888888889,0,1,0,1,0,0,0,0,0,0,0,1
0.01714442814540319,0.022523149394018973,0.43247532865168536,0,1,0.4597222222222222,0,0,0,0,0,0,0,0,0,1,0,1
0.020794667338360866,0.00358541092643918,0.041921633146067415,0,1,0.9770833333333333,0,0,0,0,0,0,2,0,0,1,0,1
0.0013656971808357768,6.382170897463311e-05,0.0,0,1,0.45555555555555555,1,0,0,0,1,0,2,1,0,1,0,1
0.01337339031728629,0.6032431168083617,0.08927336853932584,0,1,0.975,0,0,0,0,0,0,1,0,0,0,0,1
0.00011552760744415993,0.008049177675572708,0.0011387640449438202,0,0,0.6097222222222222,0,1,0,1,0,0,1,0,0,0,0,1
0.008124804720223219,0.17425239575313273,0.12041546629213482,0,1,0.24444444444444446,0,0,0,0,0,0,0,0,0,0,0,1
0.0008635295404383237,0.020316441854358047,0.0,0,1,0.19722222222222222,1,0,0,0,1,0,2,1,0,0,0,1
0.0024160817037575982,0.0033827944802758397,0.0,0,1,0.2902777777777778,1,0,0,0,1,0,1,0,0,1,0,1
0.003065228116969439,4.959393945799515e-06,0.0,0,1,0.6034722222222222,1,0,0,0,1,0,1,1,0,1,0,1
0.000623405277864951,0.020316441854358047,0.0,0,1,0.5833333333333334,1,0,0,0,1,0,1,0,0,1,0,1
0.0007866261360802235,0.0002443924295257925,0.0,0,1,0.19166666666666665,1,0,0,0,1,0,0,0,0,1,0,1
0.0008359323953325348,0.04498308521458322,0.0,0,1,0.607638888888889,1,0,0,0,1,0,0,1,0,0,0,1
0.008313213710877692,0.020316441854358047,0.01006026797752809,0,1,0.6944444444444445,0,0,0,0,0,0,0,0,0,1,0,1
0.09996555961891249,0.020316441854358047,0.09359000561797753,0,1,0.41041666666666665,0,0,1,0,0,1,0,0,0,1,0,1
0.001980033411015675,0.0008113080686087436,0.0,0,1,0.14097222222222222,1,0,0,0,1,0,1,0,0,1,0,1
0.0003845000217011141,0.00030658810769852414,0.0,0,0,0.7479166666666667,1,0,0,0,1,0,0,0,0,0,0,1
0.012078410508282452,0.5666313641829317,0.37350903146067416,0,1,0.25625000000000003,0,0,0,0,0,0,1,1,0,0,0,1
0.013851788832705682,0.7101413020766852,0.008855944382022472,0,1,0.5381944444444444,0,0,0,0,0,0,0,0,0,1,0,1
8.532844865698303e-05,0.0016185510602127336,0.0,0,0,0.75,1,0,0,0,1,0,0,0,0,0,0,1
0.003677344335476516,6.122005969159074e-05,0.0,0,1,0.7541666666666668,1,0,0,0,1,0,2,1,0,1,0,1
0.09050644388288194,0.0018866835394462877,0.001746685393258427,0,1,0.9145833333333333,0,0,1,0,0,1,1,0,0,1,0,1
0.010335401343540265,0.020316441854358047,0.19733741853932582,0,1,0.10833333333333334,0,0,0,0,0,0,2,0,0,0,0,1
0.0006633904881071864,0.020316441854358047,0.0,0,1,0.6131944444444445,1,0,0,0,1,0,1,0,0,1,0,1
0.0005854720784121884,0.0020355377161909577,0.0,0,1,0.29375,1,0,0,0,1,0,0,1,0,0,0,0
0.000534676811330674,0.020316441854358047,0.0,0,1,0.6090277777777778,1,0,0,0,1,0,2,0,0,1,0,1
0.0003064476113015402,0.05726975688400465,0.0,0,0,0.7368055555555556,1,0,0,0,1,0,0,0,0,0,0,0
0.0008887856732350698,9.756184811408883e-07,0.0,0,1,0.8194444444444445,1,0,0,0,1,0,2,0,0,0,0,1
0.00016146084896114386,0.0031266165794978655,0.0,0,0,0.09999999999999999,1,0,0,0,1,0,0,1,0,0,0,1
0.0007170237701109832,0.005230371978936397,0.0,0,1,0.17777777777777778,1,0,0,0,1,0,0,1,0,0,0,1
0.014088252076029416,0.2341074066516042,0.008015280898876405,0,1,0.02847222222222222,0,0,0,0,0,0,1,1,0,0,1,1
0.00026049336967413775,0.020316441854358047,0.00338846797752809,0,0,0.11180555555555556,0,0,0,0,0,0,1,0,0,1,0,1
0.0011919452672482151,0.011490346661636812,0.0,0,1,0.9368055555555556,1,0,0,0,1,0,2,1,0,0,0,1
0.0030485840294548266,0.0025377462725276407,0.009972465168539326,0,1,0.26875,0,0,1,0,0,1,0,1,0,1,0,1
0.0006025451681824943,0.020316441854358047,0.0,0,1,0.21041666666666667,1,0,0,0,1,0,0,1,0,0,0,1
0.0007822441130395463,0.0034013092800016915,0.0,0,1,0.057638888888888885,1,0,0,0,1,0,1,1,0,0,0,1
